{"cameraMode":{"drawMode":2,"name":"Shaded Wireframe","section":"Shading Mode"},"sceneLighting":false,"audioPlay":false,"sceneViewState":{"m_AlwaysRefresh":false,"showFog":true,"showSkybox":true,"showFlares":true,"showImageEffects":true,"showParticleSystems":true,"showVisualEffectGraphs":true,"m_FxEnabled":true},"in2DMode":false,"pivot":{"x":0.8242136836051941,"y":0.6248798966407776,"z":-0.07196031510829926},"rotation":{"x":0.09400371462106705,"y":-0.44992586970329287,"z":0.047688309103250507,"w":0.8868380188941956},"size":1.7042618989944459,"orthographic":false}