{"cameraMode":{"drawMode":2,"name":"Shaded Wireframe","section":"Shading Mode"},"sceneLighting":false,"audioPlay":false,"sceneViewState":{"m_AlwaysRefresh":false,"showFog":true,"showSkybox":true,"showFlares":true,"showImageEffects":true,"showParticleSystems":true,"showVisualEffectGraphs":true,"m_FxEnabled":true},"in2DMode":false,"pivot":{"x":1.7033560276031495,"y":0.08231091499328613,"z":-0.7678271532058716},"rotation":{"x":0.21138769388198853,"y":0.07322772592306137,"z":-0.01587803289294243,"w":0.9745328426361084},"size":1.7042618989944459,"orthographic":false}