{"cameraMode":{"drawMode":2,"name":"Shaded Wireframe","section":"Shading Mode"},"sceneLighting":false,"audioPlay":false,"sceneViewState":{"m_AlwaysRefresh":false,"showFog":true,"showSkybox":true,"showFlares":true,"showImageEffects":true,"showParticleSystems":true,"showVisualEffectGraphs":true,"m_FxEnabled":true},"in2DMode":false,"pivot":{"x":0.7845150828361511,"y":0.07074744254350662,"z":-0.16073456406593324},"rotation":{"x":0.27735868096351626,"y":-0.020172154530882837,"z":0.00583438016474247,"w":0.9605556130409241},"size":1.7042618989944459,"orthographic":false}